INSERT INTO `address` (`address_id`, `region`, `city`, `street`, `home`, `corpus`, `post_index`, `flat_number`, `square`, `residents_number`, `management_company_id`) VALUES
(18, 'Калужская область', 'Калуга', 'Кирова', '8', 'Д', '248000', '4', '60.25', 2, 8),
(19, 'Владимирская область', 'Владимир', 'Победы', '2', NULL, '600000', '7', '55.00', 2, 9),
(20, 'Тульская область', 'Тула', 'Мира', '16', 'Е', '300000', '10', '95.75', 3, 10),
(22, 'мск', 'Элиста', 'мкр 8', '2311', '45', '358014', '52', '39.56', 3, 1),
(23, 'мск', 'Элиста', 'мкр 9', '60', '2', '358014', '20', '357.00', 5135, 1),
(24, 'Ленинград', 'СПБ', 'Маршала Жукова', '59', '', '647373', '', '59.00', 5, 6),
(33, 'Республика Калмыкия', 'Элиста', 'мкр 9', '3536', '4', '358014', '3252', '627245.00', 3, 1),
(34, 'Татарстан', 'Казань', 'Тверь', '135', '2', '358241', '45', '4241.00', 4, 1),
(35, 'Москва', 'Москва', 'москворечье', '2', '2', '350000', '64', '36.67', 5, 10),
(36, 'Москва', 'Москва', 'москворечье', '2', '2', '350000', '64', '36.67', 5, 10),
(37, 'Москва', 'Москва', 'москворечье', '2', '2', '350000', '64', '36.67', 5, 10),
(38, 'Москва', 'Москва', 'Москворечье', '2', '2', '412412', '4124', '213.00', 3, 10),
(39, 'Москва', 'Москва', 'Двуреченская', '422', '2', '352535', '452', '23.00', 53, 5),
(40, 'Москва', 'Москва', 'Двуреченская', '422', '2', '352535', '452', '23.00', 53, 5),
(41, 'Москва', 'Москва', 'Каширское шоссе', '2', '2', '324141', '24', '24.00', 2, 1),
(42, 'Республика Калмыкия', 'К', 'К', '666', '66', '666666', '666', '6666.00', 6, 10),
(43, 'Москва', 'Москва', 'Сыктворечье', '23', '2', '214214', '421', '4151.00', 3, 1),
(44, 'мвы', 'мавмва', 'мвамв', '2', '4', '324234', '312', '412.00', 2, 1),
(45, 'Москва', 'Москва', 'Москворечье', '2', '2', '350000', '45', '31231.00', 3, 10),
(46, 'Республика Калмыкия', 'мс', 'мира ', '9', '3', '277474', '4324', '21.00', 2, 10),
(47, 'Республика Калмыкия', 'Элиста', 'микрорайон', '8', '', '358014', '', '41341.00', -2, 10),
(48, 'Республика Калмыкия', 'Элиста', 'микрорайон', '8', '3', '358014', '52', '5235.00', 3, 10),
(49, 'Республика Калмыкия', 'Элиста', 'микрорайон', '8', '2', '358014', '4', '4.00', 310, 10),
(50, 'Республика Карелия', 'Петрозаводск', 'Ленина', '69', '3', '350840', '21', '42.00', 2, 10),
(51, 'Астраханская Область', 'Астрахань', 'Юных Ленинцев', '43', '2', '342421', '56', '33.00', 5, 10),
(52, 'Астраханская Область', 'Астрахань', 'Юных Ленинцев', '43', '2', '342421', '56', '33.00', 5, 10);


INSERT INTO `bills` (`bill_id`, `tariff_id`, `consumption`, `receiving_date`, `payment_date`, `deadline_date`, `user_id`, `meter_id`, `cost`, `penalty`, `total_amount`, `billing_period`, `last_update`) VALUES
(1, 4, '211.00', '2025-02-21 21:08:47', '2025-02-18', '2025-03-04', 11, 55, '949.50', '0.00', '949.50', '02-2025', '2025-02-17 23:11:03'),
(2, 3, '211.00', '2024-01-21 21:09:18', NULL, '2024-02-01', 11, 55, '2532.00', '974.82', '3506.82', '02-2025', '2025-02-20 08:24:25'),
(3, 2, '211.00', '2025-02-21 21:09:24', '2025-02-18', '2025-03-04', 11, 55, '5380.50', '0.00', '5380.50', '02-2025', '2025-02-17 22:07:50'),
(5, 8, '23.00', '2021-02-21 21:10:25', NULL, '2021-03-04', 11, 60, '126.50', '183.30', '309.80', '02-2025', '2025-02-20 08:24:25'),
(10, 2, '0.00', '2025-02-17 22:57:21', '2025-02-18', '2025-02-28', 11, 68, '0.00', '0.00', '0.00', '02-2025', '2025-02-17 23:10:58'),
(11, 14, '35.56', '2025-02-18 01:05:07', '2025-02-18', '2025-02-28', 11, NULL, '437.74', '0.00', '437.74', '02-2025', '2025-02-18 14:59:44'),
(12, 14, '39.56', '2025-02-18 01:08:02', '2025-02-19', '2025-02-28', 11, NULL, '486.98', '0.00', '486.98', '01-2025', '2025-02-18 21:12:49'),
(14, 2, '5.00', '2025-02-19 01:16:14', NULL, '2025-03-01', 11, 70, '127.50', '0.00', '127.50', '02-2025', '2025-02-20 08:24:25'),
(20, 2, '2.70', '2025-02-19 02:19:18', NULL, '2025-03-01', 11, 71, '68.85', '0.00', '68.85', '02-2025', '2025-02-20 08:24:25'),
(23, 2, '25.00', '2025-02-19 02:34:35', NULL, '2025-03-01', 11, 72, '637.50', '0.00', '637.50', '02-2025', '2025-02-20 08:24:25'),
(25, 4, '3.00', '2025-02-19 02:35:49', NULL, '2025-03-01', 11, 69, '13.50', '0.00', '13.50', '01-2025', '2025-02-20 08:24:25'),
(27, 4, '0.50', '2025-02-19 02:42:20', NULL, '2025-03-01', 11, 69, '2.25', '0.00', '2.25', '02-2025', '2025-02-20 08:24:25'),
(29, 4, '0.00', '2025-03-18 02:42:21', NULL, '2025-03-28', 11, 69, '0.00', '0.00', '0.00', '03-2025', '2025-02-20 08:24:25'),
(34, 2, '25.00', '2025-01-18 02:58:13', NULL, '2025-01-28', 11, 74, '637.50', '14.66', '652.16', '01-2025', '2025-02-20 08:24:25'),
(37, 2, '3.00', '2025-03-18 03:21:02', NULL, '2025-03-28', 11, 74, '76.50', '0.00', '76.50', '02-2025', '2025-02-20 08:24:25'),
(38, 2, '13.00', '2025-03-18 03:21:14', NULL, '2025-03-28', 11, 74, '331.50', '0.00', '331.50', '03-2025', '2025-02-20 08:24:25'),
(39, 2, '25.00', '2025-02-19 05:26:25', '2025-02-19', '2025-03-01', 15, 75, '637.50', '0.00', '637.50', '01-2025', '2025-02-19 05:40:54'),
(40, 5, '4.00', '2025-02-19 05:28:39', '2025-02-19', '2025-03-01', 15, NULL, '60.00', '0.00', '60.00', '01-2025', '2025-02-19 05:40:54'),
(41, 6, '36.67', '2025-02-19 05:32:37', NULL, '2025-03-01', 16, NULL, '1283.45', '0.00', '1283.45', '02-2025', '2025-02-19 05:32:37'),
(47, 2, '1.00', '2025-02-20 08:24:24', NULL, '2025-03-02', 11, 42, '25.50', '0.00', '25.50', '02-2025', '2025-02-20 08:24:25'),
(48, 2, '1.00', '2025-02-20 08:24:25', NULL, '2025-03-02', 11, 42, '25.50', '0.00', '25.50', '02-2025', '2025-02-20 08:24:25');


INSERT INTO `management_company` (`management_company_id`, `management_company_name`, `management_company_address`, `management_company_login`, `management_company_password`, `management_company_phone`, `management_company_email`, `management_company_workhours`, `management_company_INN`, `management_company_KPP`, `management_company_payacc`, `management_company_BIK`, `management_company_coracc`) VALUES
(1, 'УК СветлыйДом', 'ул. Ленина, д.1, Москва', '3', '3', '79991234567', 'svetly@mail.ru', '09:00-18:00', '1000000001', '200000001', '30000000000000000001', '400000001', '50000000000000000001'),
(2, 'УК ЗолотойКлюч', 'пр. Мира, д.5, СПб', 'zolotoy', 'secret456', '79992345678', 'zolotoy@mail.ru', '08:00-20:00', '1000000002', '200000002', '30000000000000000002', '400000002', '50000000000000000002'),
(3, 'УК НовыйВек', 'ул. Победы, д.10, Казань', 'novyvek', 'pass789', '79993456789', 'novyvek@mail.ru', '09:00-19:00', '1000000003', '200000003', '30000000000000000003', '400000003', '50000000000000000003'),
(4, 'УК Престиж', 'ул. Гагарина, д.3, Екатеринбург', 'prestizh', 'qwerty123', '79994567890', 'prestizh@mail.ru', '10:00-18:00', '1000000004', '200000004', '30000000000000000004', '400000004', '50000000000000000004'),
(5, 'УК Комфорт', 'ул. Советская, д.20, Новосибирск', 'komfort', 'abc12345', '79995678901', 'komfort@mail.ru', '09:30-18:30', '1000000005', '200000005', '30000000000000000005', '400000005', '50000000000000000005'),
(6, 'УК Эталон', 'ул. Первомайская, д.15, Нижний Новгород', '7', '7', '79996789012', 'etalon@mail.ru', '08:30-17:30', '1000000006', '200000006', '30000000000000000006', '400000006', '50000000000000000006'),
(7, 'УК Олимп', 'ул. Московская, д.8, Ростов', 'olimp', 'olimp789', '79997890123', 'olimp@mail.ru', '09:00-18:00', '1000000007', '200000007', '30000000000000000007', '400000007', '50000000000000000007'),
(8, 'УК Перспектива', 'пр. Ленина, д.25, Самара', 'perspekt', 'pers123', '79998901234', 'perspekt@mail.ru', '08:00-17:00', '1000000008', '200000008', '30000000000000000008', '400000008', '50000000000000000008'),
(9, 'УК Прогресс', 'ул. Комсомольская, д.12, Владивосток', 'progress', 'prog123', '79999012345', 'progress@mail.ru', '10:00-19:00', '1000000009', '200000009', '30000000000000000009', '400000009', '50000000000000000009'),
(10, 'УК Гармония', 'ул. Зеленая, д.7, Казань', 'garmonia', 'garm123', '79990123456', 'garmonia@mail.ru', '09:00-18:00', '1000000010', '200000010', '30000000000000000010', '400000010', '50000000000000000010');

INSERT INTO `meter` (`meter_id`, `meter_serial_number`, `resource_type`, `installation_date`, `last_check`, `address_id`, `resource_supplier_id`, `meter_type`, `is_deleted`) VALUES
(41, 'SN001', 'ХВС', '2021-06-01', '2022-01-01', 22, 1, 'общедомовой', 0),
(42, 'SN002', 'ГВС', '2020-07-15', '2021-12-10', 22, 2, 'индивидуальный', 0),
(43, 'SN003', 'Электричество', '2019-10-10', '2021-05-15', 23, 3, 'индивидуальный', 1),
(44, 'SN004', 'Отопление', '2021-03-22', '2022-05-10', 24, 4, 'общедомовой', 0),
(45, 'SN013', 'ГВС', '2019-12-05', '2021-04-18', 33, 3, 'общедомовой', 0),
(46, 'SN014', 'Газ', '2021-04-11', '2022-01-25', 34, 4, 'индивидуальный', 0),
(47, 'SN015', 'ХВС', '2020-09-30', '2021-10-20', 35, 5, 'общедомовой', 0),
(48, 'SN016', 'ГВС', '2019-07-19', '2021-08-15', 36, 1, 'индивидуальный', 0),
(49, 'SN017', 'Электричество', '2021-03-03', '2022-02-05', 37, 2, 'общедомовой', 0),
(50, 'SN018', 'Отопление', '2020-11-22', '2021-09-10', 38, 3, 'индивидуальный', 0),
(51, 'SN019', 'Газ', '2021-09-09', '2022-05-12', 39, 4, 'общедомовой', 0),
(52, 'SN020', 'Электричество', '2020-03-18', '2021-10-08', 40, 5, 'индивидуальный', 0),
(55, '3251451414', 'Газ', '2025-02-13', '2025-02-13', 22, 3, 'индивидуальный', 1),
(60, '4214124112', 'Отопление', '2025-01-13', '2025-01-13', 22, 2, 'индивидуальный', 0),
(61, '5345245452', 'ХВС', '2005-02-14', '2005-02-14', 22, 1, 'индивидуальный', 1),
(64, '231', 'Электричество', '1000-03-22', '2003-03-22', 22, 2, 'индивидуальный', 1),
(66, 'SN002323', 'ХВС', '2032-03-22', '2003-02-22', 22, 1, 'индивидуальный', 1),
(68, '3413412341', 'ХВС', '2002-02-22', '2004-02-21', 22, 1, 'индивидуальный', 0),
(69, '6363463463', 'Электричество', '2001-02-28', '2005-02-28', 22, 2, 'индивидуальный', 0),
(70, 'SN223', 'ХВС', '2003-02-28', '2005-05-24', 22, 1, 'индивидуальный', 0),
(71, 'tst01', 'ХВС', '2024-02-12', '2025-03-12', 22, 1, 'индивидуальный', 0),
(72, 'tst02', 'ХВС', '2025-01-01', '2025-01-01', 22, 1, 'индивидуальный', 1),
(74, 'tst04', 'ХВС', '2025-02-22', '2025-02-23', 22, 1, 'индивидуальный', 0),
(75, '53464737', 'ХВС', '2006-02-11', '2008-05-12', 34, 1, 'индивидуальный', 0);

INSERT INTO `meter_readings` (`reading_id`, `meter_id`, `user_id`, `value`, `data`) VALUES
(21, 64, NULL, '0.23', '2025-02-19 22:10:58'),
(33, 66, 11, '3.00', '2025-02-16 01:29:24'),
(37, 61, 11, '1.00', '2025-02-21 12:06:27'),
(43, 55, 11, '211.00', '2025-02-21 12:16:14'),
(46, 64, 11, '3.00', '2025-02-21 12:18:38'),
(52, 44, NULL, '1.00', '2025-02-21 13:50:03'),
(56, 68, 11, '3.00', '2025-01-21 13:52:02'),
(60, 69, 11, '3.00', '2025-01-21 14:04:38'),
(65, 41, NULL, '3212.00', '2025-02-17 23:06:20'),
(66, 41, NULL, '32111.00', '2025-02-17 23:06:24'),
(70, 42, 11, '1.00', '2025-02-19 01:03:35'),
(71, 60, 11, '5.00', '2025-02-19 01:04:19'),
(74, 70, 11, '2.00', '2025-02-19 01:22:28'),
(77, 68, 11, '10.00', '2025-02-19 01:28:06'),
(79, 41, NULL, '321.00', '2025-02-19 01:45:56'),
(80, 71, 11, '2.70', '2025-02-19 02:18:44'),
(81, 72, 11, '25.00', '2025-01-28 09:00:00'),
(82, 69, 11, '3.50', '2025-02-19 02:35:12'),
(86, 69, 11, '3.50', '2025-03-31 09:00:00'),
(90, 74, 11, '25.00', '2025-01-31 09:00:00'),
(93, 74, 11, '28.00', '2025-02-19 03:13:44'),
(94, 74, 11, '41.00', '2025-03-18 03:20:30'),
(95, 75, 15, '25.00', '2025-01-31 09:00:00');

INSERT INTO `news` (`news_id`, `title`, `content`, `created_at`) VALUES
(39, 'Заголовок новости 3', 'Это содержимое третьей новости.', '2025-02-10 19:34:14'),
(40, 'ЕЕЕЕбать', 'Это содержимое четвертой новости.', '2025-02-10 19:34:14'),
(41, 'Заголовок новости 5', 'Это содержимое пятой новости.', '2025-02-10 19:34:14'),
(42, 'Заголовок новости 6', 'Это содержимое шестой новости.', '2025-02-10 19:34:14'),
(43, 'Заголовок новости 7', 'Это содержимое седьмой новости.', '2025-02-10 19:34:14'),
(44, 'Заголовок новости 8', 'Это содержимое восьмой новости.', '2025-02-10 19:34:14'),
(45, 'Заголовок новости 9', 'Это содержимое девятой новости.', '2025-02-10 19:34:14'),
(46, 'Заголовок новости 10', 'Это содержимое десятой новости.', '2025-02-10 19:34:14'),
(55, 'oh yeaaaaaah', 'FEFEWFEWBFBKHWEBF\n\n\nfewfwef\n\nheeeeeey     wtfff\n\n\n\nFJBVKSBKVBSKVBSDJVS', '2025-02-11 21:55:43'),
(57, '53523523', 'dsgsdgfgsdfvgsdfgs dbvhdb h bfjekvgkfdvd', '2025-02-11 23:24:41'),
(61, '532523   POCHEMU', '5325235235', '2025-02-12 09:17:37'),
(62, '42177982198742891472891471924FFFFFFFFFFFFFFFF', 'fbufb fbewfu\n\n42177982198742891472891471924FFFFFFFFFFFFFFFF42177982198742891472891471924FFFFFFFFFFFFFFFF42177982198742891472891471924FFFFFFFFFFFFFFFF42177982198742891472891471924FFFFFFFFFFFFFFFF42177982198742891472891471924FFFFFFFFFFFFFFFF42177982198742891472891471924FFFFFFFFFFFFFFFF42177982198742891472891471924FFFFFFFFFFFFFFFF42177982198742891472891471924FFFFFFFFFFFFFFFF42177982198742891472891471924FFFFFFFFFFFFFFFF42177982198742891472891471924FFFFFFFFFFFFFFFF42177982198742891472891471924FFFFFFFFFFFFFFFF42177982198742891472891471924FFFFFFFFFFFFFFFF42177982198742891472891471924FFFFFFFFFFFFFFFF42177982198742891472891471924FFFFFFFFFFFFFFFF42177982198742891472891471924FFFFFFFFFFFFFFFF42177982198742891472891471924FFFFFFFFFFFFFFFF42177982198742891472891471924FFFFFFFFFFFFFFFF42177982198742891472891471924FFFFFFFFFFFFFFFF42177982198742891472891471924FFFFFFFFFFFFFFFF42177982198742891472891471924FFFFFFFFFFFFFFFF42177982198742891472891471924FFFFFFFFFFFFFFFF42177982198742891472891471924FFFFFFFFFFFFFFFF42177982198742891472891471924FFFFFFFFFFFFFFFF42177982198742891472891471924FFFFFFFFFFFFFFFF42177982198742891472891471924FFFFFFFFFFFFFFFF42177982198742891472891471924FFFFFFFFFFFFFFFF42177982198742891472891471924FFFFFFFFFFFFFFFF42177982198742891472891471924FFFFFFFFFFFFFFFF42177982198742891472891471924FFFFFFFFFFFFFFFF42177982198742891472891471924FFFFFFFFFFFFFFFF42177982198742891472891471924FFFFFFFFFFFFFFFF42177982198742891472891471924FFFFFFFFFFFFFFFF42177982198742891472891471924FFFFFFFFFFFFFFFF42177982198742891472891471924FFFFFFFFFFFFFFFF42177982198742891472891471924FFFFFFFFFFFFFFFF42177982198742891472891471924FFFFFFFFFFFFFFFF42177982198742891472891471924FFFFFFFFFFFFFFFF42177982198742891472891471924FFFFFFFFFFFFFFFF42177982198742891472891471924FFFFFFFFFFFFFFFF42177982198742891472891471924FFFFFFFFFFFFFFFF42177982198742891472891471924FFFFFFFFFFFFFFFF42177982198742891472891471924FFFFFFFFFFFFFFFF42177982198742891472891471924FFFFFFFFFFFFFFFF42177982198742891472891471924FFFFFFFFFFFFFFFF42177982198742891472891471924FFFFFFFFFFFFFFFF421779821', '2025-02-12 09:18:52'),
(63, 'CREATE FC', 'DFDFA', '2025-02-12 09:20:35'),
(65, '634634', 'ERTER', '2025-02-12 10:20:52'),
(78, '2312', '2131232', '2025-02-13 04:59:45'),
(138, 'Замена лифта в подъезде №3 д 18 по ул. Ленина', 'С 10 марта начнутся работы по демонтажу и установке нового лифта в подъезде №3. Ориентировочные сроки завершения работ — 25 марта.', '2025-02-14 23:58:56');

INSERT INTO `resource_supplier` (`resource_supplier_id`, `resource_supplier_name`, `resource_supplier_address`, `resource_supplier_phone`, `resource_supplier_email`, `resource_supplier_website`, `resource_supplier_INN`, `resource_supplier_KPP`, `resource_supplier_BIK`) VALUES
(1, 'МУП \"Элиставодоканал\"', 'ул. Ленина, д.10, Элиста, Республика Калмыкия, Россия', '74951234567', 'elistavodokanal@mail.ru', 'http://vodrk.ru', '1000000001', '200000001', '300000001'),
(2, 'ООО ЧИТАЭНЕРГОСЕРВИС', 'ул. Степная, д.5, Элиста, Республика Калмыкия, Россия', '74952345678', 'energosnabrk@mail.ru', 'http://electrosnabrk.ru', '1000000002', '200000002', '300000002'),
(3, 'АО \"Газпром Газораспределение Элиста\"', 'ул. Советская, д.12, Элиста, Республика Калмыкия, Россия', '74953456789', 'gazrk@mail.ru', 'http://gazrk.ru', '1000000003', '200000003', '300000003'),
(4, 'Ооо \"Спецавтохозяйство\"', 'ул. Мира, д.8, Элиста, Республика Калмыкия, Россия', '74954567890', 'spezatx@mail.ru', 'http://tepkazan.ru', '1000000004', '200000004', '300000004'),
(5, 'Фонд капитального ремонта', 'ул. Школьная, д.3, Элиста, Республика Калмыкия, Россия', '74955678901', 'rennovationrk@mail.ru', 'http://rennovationrk.ru', '1000000005', '200000005', '300000005');

INSERT INTO `tariffs` (`tariff_id`, `service_type`, `price`, `measurement_unit`, `resource_supplier_id`, `management_company_id`, `normative`) VALUES
(2, 'ХВС', '25.50', 'м3', 1, NULL, '25.00'),
(3, 'Газ', '12.00', 'м3', 3, NULL, '10.30'),
(4, 'Электроснабжение', '4.50', 'кВтч', 2, NULL, '65.00'),
(5, 'Вывоз мусора', '15.00', 'чел', 4, NULL, NULL),
(6, 'Фонд капитального ремонта', '35.00', 'м2', 5, NULL, NULL),
(7, 'ГВС', '31.50', 'м3', 2, NULL, '23.00'),
(8, 'Отопление', '5.50', 'Гкал', 2, NULL, '312.00'),
(9, 'Содержание жилого помещения', '10.30', 'м2', NULL, 6, NULL),
(10, 'Содержание жилого помещения', '9.40', 'м2', NULL, 3, NULL),
(11, 'Содержание жилого помещения', '7.90', 'м2', NULL, 7, NULL),
(12, 'Содержание жилого помещения', '14.10', 'м2', NULL, 10, NULL),
(14, 'Содержание жилого помещения', '12.31', 'м2', NULL, 1, NULL);

INSERT INTO `users` (`user_id`, `fullname`, `login`, `password`, `date_of_birth`, `phone`, `email`, `passport_series`, `passport_number`, `account_number`, `account_balance`, `INN`, `address_id`) VALUES
(11, '2121', '2121', '2121', '2005-02-28', '79061760981', 'kovalskij953231@list.ru', '4232', '321312', '3123131231', '8060.98', '123456789101', 22),
(12, 'Ковальский Иван Маратович', '31231', '31231231', '2003-02-23', '79093950094', 'ivanuschannel@gmail.com', '8519', '556123', '21353526', '0.00', '123456789106', 23),
(13, 'Апчихвах АБдували Маратович', '69', '69', '2005-02-28', '41241515155', 'sdgsfefwefw2414141@mail.ru', '7347', '347372', '5252525', '23211.00', '525253525151', 24),
(14, 'gdfkbgbdkfga', 'gfdgb', '$2y$10$uiI6TtVLSNRCG3n0s1a5q.3ciekA5brEOdysq3Hjy23CTkfBB3skO', '2005-02-28', '47829147981', 'dfjhfdkjh@mail.ru', '2362', '527472', '42374928374982', '0.00', '423523623632', 33),
(15, 'fgbhgbjh gfdgkdfbg gdhfbgkdfgdf', '22', '22', '1983-03-28', '31247104714', 'ffdkjgn@mail.ru', '5252', '523523', '52352352', '9302.50', '413412748921', 34),
(16, 'fsdbfhsd bfdsjsbhdf sdfsd', 'abwuwewe', '$2y$10$zv.ENx5PsrLvj.Nt/spQaetG7aE/8EnUc7IxTx1Ps31ugtAUj/QQe', '1973-02-28', '57544747457', 'testemail@mail.ru', '7363', '631411', '22417491', '0.00', '525178498174', 35),
(19, 'vnjkjfn vdfnkjvfd vfdnkvjfndj', '31273891273812', '$2y$10$i9hgocTrbUT4Fhf45oOj9.ue0M6LQp/0l7HCloB4siUrFo497/TbS', '2004-03-28', '42472148971', 'dbskvbskd@mail.ru', '6316', '166314', '14174981741', '0.00', '414174189749', 38),
(25, 'аа бб', 'аа бб', '24214', '2005-02-28', '4125125125', '412412414@mail.com', '2421', '623634', '4934729347234', '0.00', '4723437284', 44),
(28, 'fwdf', 'ffwef', '3131', '2222-02-22', '2313123', 'dffds@mail.com', '31', '313123', '23213', '0.00', '312412412', 47),
(29, 'fsdfhjsbfjh bsdhjbfsjdf', 'fsdfsff', 'fsdfsdfs', '2833-02-28', '312312', 'fdfsd@ferry.com', '4321', '412531', '5252', '0.00', '532624737735', 48),
(30, 'fbjdbfjhds bfsdfsdf sdf', 'fsfbhfbsdf', '3736284624', '2003-12-23', '312313', '321313@mail.jaja', '4314', '431431', '32421', '0.00', '321447281947', 49),
(31, 'Зубенко Михаил Петрович', '1234567891011', 'паврпыварывар', '1999-02-28', '79043142342', 'fdsfbsfhdb@mail.ru', '6346', '554326', '6654363262362', '0.00', '472194872149', 50),
(32, 'Заика Микаэл Альбертович', 'pApdadibda', 'pApdadibda', '1995-02-14', '79063721631', 'vfhbjdj@mail.ru', '4723', '471894', '48914789174901274891', '0.00', '583195837158', 51);
